marketing_key,digital_marketing_team,marketing_place
1,EMAIL_BUSINESS_PLAN_35,BUSINESS
2,EMAIL_COPYWRITING_1,COPYWRITING
3,EMAIL_COPYWRITING_10,COPYWRITING
4,EMAIL_COPYWRITING_108,COPYWRITING
5,EMAIL_COPYWRITING_11,COPYWRITING
6,EMAIL_COPYWRITING_111,COPYWRITING
7,EMAIL_COPYWRITING_113,COPYWRITING
8,EMAIL_COPYWRITING_115,COPYWRITING
9,EMAIL_COPYWRITING_119,COPYWRITING
10,EMAIL_COPYWRITING_120,COPYWRITING
11,EMAIL_COPYWRITING_125,COPYWRITING
12,EMAIL_COPYWRITING_131,COPYWRITING
13,EMAIL_COPYWRITING_135,COPYWRITING
14,EMAIL_COPYWRITING_136,COPYWRITING
15,EMAIL_COPYWRITING_137,COPYWRITING
16,EMAIL_COPYWRITING_140,COPYWRITING
17,EMAIL_COPYWRITING_145,COPYWRITING
18,EMAIL_COPYWRITING_147,COPYWRITING
19,EMAIL_COPYWRITING_15,COPYWRITING
20,EMAIL_COPYWRITING_150,COPYWRITING
21,EMAIL_COPYWRITING_154,COPYWRITING
22,EMAIL_COPYWRITING_16,COPYWRITING
23,EMAIL_COPYWRITING_161,COPYWRITING
24,EMAIL_COPYWRITING_166,COPYWRITING
25,EMAIL_COPYWRITING_168,COPYWRITING
26,EMAIL_COPYWRITING_170,COPYWRITING
27,EMAIL_COPYWRITING_171,COPYWRITING
28,EMAIL_COPYWRITING_173,COPYWRITING
29,EMAIL_COPYWRITING_174,COPYWRITING
30,EMAIL_COPYWRITING_178,COPYWRITING
31,EMAIL_COPYWRITING_180,COPYWRITING
32,EMAIL_COPYWRITING_183,COPYWRITING
33,EMAIL_COPYWRITING_184,COPYWRITING
34,EMAIL_COPYWRITING_186,COPYWRITING
35,EMAIL_COPYWRITING_189,COPYWRITING
36,EMAIL_COPYWRITING_19,COPYWRITING
37,EMAIL_COPYWRITING_190,COPYWRITING
38,EMAIL_COPYWRITING_2,COPYWRITING
39,EMAIL_COPYWRITING_25,COPYWRITING
40,EMAIL_COPYWRITING_26,COPYWRITING
41,EMAIL_COPYWRITING_28,COPYWRITING
42,EMAIL_COPYWRITING_29,COPYWRITING
43,EMAIL_COPYWRITING_3,COPYWRITING
44,EMAIL_COPYWRITING_34,COPYWRITING
45,EMAIL_COPYWRITING_35,COPYWRITING
46,EMAIL_COPYWRITING_37,COPYWRITING
47,EMAIL_COPYWRITING_38,COPYWRITING
48,EMAIL_COPYWRITING_39,COPYWRITING
49,EMAIL_COPYWRITING_41,COPYWRITING
50,EMAIL_COPYWRITING_42,COPYWRITING
51,EMAIL_COPYWRITING_5,COPYWRITING
52,EMAIL_COPYWRITING_56,COPYWRITING
53,EMAIL_COPYWRITING_58,COPYWRITING
54,EMAIL_COPYWRITING_6,COPYWRITING
55,EMAIL_COPYWRITING_61,COPYWRITING
56,EMAIL_COPYWRITING_62,COPYWRITING
57,EMAIL_COPYWRITING_63,COPYWRITING
58,EMAIL_COPYWRITING_65,COPYWRITING
59,EMAIL_COPYWRITING_68,COPYWRITING
60,EMAIL_COPYWRITING_72,COPYWRITING
61,EMAIL_COPYWRITING_73,COPYWRITING
62,EMAIL_COPYWRITING_77,COPYWRITING
63,EMAIL_COPYWRITING_80,COPYWRITING
64,EMAIL_COPYWRITING_82,COPYWRITING
65,EMAIL_COPYWRITING_92,COPYWRITING
66,EMAIL_DIGITAL_MARKETING_41,DIGITAL
67,EMAIL_DIGITAL_MARKETING_50,DIGITAL
68,EMAIL_EMAIL_MARKETING_1,EMAIL
69,EMAIL_EMAIL_MARKETING_100,EMAIL
70,EMAIL_EMAIL_MARKETING_102,EMAIL
71,EMAIL_EMAIL_MARKETING_103,EMAIL
72,EMAIL_EMAIL_MARKETING_106,EMAIL
73,EMAIL_EMAIL_MARKETING_107,EMAIL
74,EMAIL_EMAIL_MARKETING_108,EMAIL
75,EMAIL_EMAIL_MARKETING_109,EMAIL
76,EMAIL_EMAIL_MARKETING_11,EMAIL
77,EMAIL_EMAIL_MARKETING_110,EMAIL
78,EMAIL_EMAIL_MARKETING_112,EMAIL
79,EMAIL_EMAIL_MARKETING_113,EMAIL
80,EMAIL_EMAIL_MARKETING_115,EMAIL
81,EMAIL_EMAIL_MARKETING_116,EMAIL
82,EMAIL_EMAIL_MARKETING_118,EMAIL
83,EMAIL_EMAIL_MARKETING_12,EMAIL
84,EMAIL_EMAIL_MARKETING_121,EMAIL
85,EMAIL_EMAIL_MARKETING_123,EMAIL
86,EMAIL_EMAIL_MARKETING_126,EMAIL
87,EMAIL_EMAIL_MARKETING_129,EMAIL
88,EMAIL_EMAIL_MARKETING_13,EMAIL
89,EMAIL_EMAIL_MARKETING_130,EMAIL
90,EMAIL_EMAIL_MARKETING_135,EMAIL
91,EMAIL_EMAIL_MARKETING_136,EMAIL
92,EMAIL_EMAIL_MARKETING_139,EMAIL
93,EMAIL_EMAIL_MARKETING_140,EMAIL
94,EMAIL_EMAIL_MARKETING_142,EMAIL
95,EMAIL_EMAIL_MARKETING_144,EMAIL
96,EMAIL_EMAIL_MARKETING_145,EMAIL
97,EMAIL_EMAIL_MARKETING_146,EMAIL
98,EMAIL_EMAIL_MARKETING_147,EMAIL
99,EMAIL_EMAIL_MARKETING_148,EMAIL
100,EMAIL_EMAIL_MARKETING_15,EMAIL
101,EMAIL_EMAIL_MARKETING_150,EMAIL
102,EMAIL_EMAIL_MARKETING_151,EMAIL
103,EMAIL_EMAIL_MARKETING_154,EMAIL
104,EMAIL_EMAIL_MARKETING_155,EMAIL
105,EMAIL_EMAIL_MARKETING_159,EMAIL
106,EMAIL_EMAIL_MARKETING_161,EMAIL
107,EMAIL_EMAIL_MARKETING_162,EMAIL
108,EMAIL_EMAIL_MARKETING_163,EMAIL
109,EMAIL_EMAIL_MARKETING_165,EMAIL
110,EMAIL_EMAIL_MARKETING_167,EMAIL
111,EMAIL_EMAIL_MARKETING_174,EMAIL
112,EMAIL_EMAIL_MARKETING_175,EMAIL
113,EMAIL_EMAIL_MARKETING_176,EMAIL
114,EMAIL_EMAIL_MARKETING_18,EMAIL
115,EMAIL_EMAIL_MARKETING_180,EMAIL
116,EMAIL_EMAIL_MARKETING_182,EMAIL
117,EMAIL_EMAIL_MARKETING_184,EMAIL
118,EMAIL_EMAIL_MARKETING_189,EMAIL
119,EMAIL_EMAIL_MARKETING_19,EMAIL
120,EMAIL_EMAIL_MARKETING_190,EMAIL
121,EMAIL_EMAIL_MARKETING_191,EMAIL
122,EMAIL_EMAIL_MARKETING_192,EMAIL
123,EMAIL_EMAIL_MARKETING_193,EMAIL
124,EMAIL_EMAIL_MARKETING_196,EMAIL
125,EMAIL_EMAIL_MARKETING_200,EMAIL
126,EMAIL_EMAIL_MARKETING_21,EMAIL
127,EMAIL_EMAIL_MARKETING_27,EMAIL
128,EMAIL_EMAIL_MARKETING_34,EMAIL
129,EMAIL_EMAIL_MARKETING_35,EMAIL
130,EMAIL_EMAIL_MARKETING_36,EMAIL
131,EMAIL_EMAIL_MARKETING_38,EMAIL
132,EMAIL_EMAIL_MARKETING_4,EMAIL
133,EMAIL_EMAIL_MARKETING_41,EMAIL
134,EMAIL_EMAIL_MARKETING_42,EMAIL
135,EMAIL_EMAIL_MARKETING_43,EMAIL
136,EMAIL_EMAIL_MARKETING_44,EMAIL
137,EMAIL_EMAIL_MARKETING_47,EMAIL
138,EMAIL_EMAIL_MARKETING_48,EMAIL
139,EMAIL_EMAIL_MARKETING_49,EMAIL
140,EMAIL_EMAIL_MARKETING_51,EMAIL
141,EMAIL_EMAIL_MARKETING_52,EMAIL
142,EMAIL_EMAIL_MARKETING_56,EMAIL
143,EMAIL_EMAIL_MARKETING_57,EMAIL
144,EMAIL_EMAIL_MARKETING_59,EMAIL
145,EMAIL_EMAIL_MARKETING_60,EMAIL
146,EMAIL_EMAIL_MARKETING_61,EMAIL
147,EMAIL_EMAIL_MARKETING_62,EMAIL
148,EMAIL_EMAIL_MARKETING_66,EMAIL
149,EMAIL_EMAIL_MARKETING_69,EMAIL
150,EMAIL_EMAIL_MARKETING_70,EMAIL
151,EMAIL_EMAIL_MARKETING_72,EMAIL
152,EMAIL_EMAIL_MARKETING_74,EMAIL
153,EMAIL_EMAIL_MARKETING_77,EMAIL
154,EMAIL_EMAIL_MARKETING_81,EMAIL
155,EMAIL_EMAIL_MARKETING_82,EMAIL
156,EMAIL_EMAIL_MARKETING_83,EMAIL
157,EMAIL_EMAIL_MARKETING_86,EMAIL
158,EMAIL_EMAIL_MARKETING_87,EMAIL
159,EMAIL_EMAIL_MARKETING_88,EMAIL
160,EMAIL_EMAIL_MARKETING_89,EMAIL
161,EMAIL_EMAIL_MARKETING_9,EMAIL
162,EMAIL_EMAIL_MARKETING_91,EMAIL
163,EMAIL_EMAIL_MARKETING_95,EMAIL
164,EMAIL_EMAIL_MARKETING_96,EMAIL
165,EMAIL_EMAIL_MARKETING_97,EMAIL
166,EMAIL_EMAIL_MARKETING_98,EMAIL
167,EMAIL_GOOGLE_ANALYTICS_104,GOOGLE
168,EMAIL_GOOGLE_ANALYTICS_109,GOOGLE
169,EMAIL_GOOGLE_ANALYTICS_113,GOOGLE
170,EMAIL_GOOGLE_ANALYTICS_120,GOOGLE
171,EMAIL_GOOGLE_ANALYTICS_122,GOOGLE
172,EMAIL_GOOGLE_ANALYTICS_127,GOOGLE
173,EMAIL_GOOGLE_ANALYTICS_132,GOOGLE
174,EMAIL_GOOGLE_ANALYTICS_140,GOOGLE
175,EMAIL_GOOGLE_ANALYTICS_145,GOOGLE
176,EMAIL_GOOGLE_ANALYTICS_15,GOOGLE
177,EMAIL_GOOGLE_ANALYTICS_150,GOOGLE
178,EMAIL_GOOGLE_ANALYTICS_154,GOOGLE
179,EMAIL_GOOGLE_ANALYTICS_157,GOOGLE
180,EMAIL_GOOGLE_ANALYTICS_16,GOOGLE
181,EMAIL_GOOGLE_ANALYTICS_160,GOOGLE
182,EMAIL_GOOGLE_ANALYTICS_166,GOOGLE
183,EMAIL_GOOGLE_ANALYTICS_168,GOOGLE
184,EMAIL_GOOGLE_ANALYTICS_172,GOOGLE
185,EMAIL_GOOGLE_ANALYTICS_179,GOOGLE
186,EMAIL_GOOGLE_ANALYTICS_18,GOOGLE
187,EMAIL_GOOGLE_ANALYTICS_187,GOOGLE
188,EMAIL_GOOGLE_ANALYTICS_191,GOOGLE
189,EMAIL_GOOGLE_ANALYTICS_195,GOOGLE
190,EMAIL_GOOGLE_ANALYTICS_21,GOOGLE
191,EMAIL_GOOGLE_ANALYTICS_25,GOOGLE
192,EMAIL_GOOGLE_ANALYTICS_34,GOOGLE
193,EMAIL_GOOGLE_ANALYTICS_44,GOOGLE
194,EMAIL_GOOGLE_ANALYTICS_45,GOOGLE
195,EMAIL_GOOGLE_ANALYTICS_46,GOOGLE
196,EMAIL_GOOGLE_ANALYTICS_55,GOOGLE
197,EMAIL_GOOGLE_ANALYTICS_60,GOOGLE
198,EMAIL_GOOGLE_ANALYTICS_66,GOOGLE
199,EMAIL_GOOGLE_ANALYTICS_71,GOOGLE
200,EMAIL_GOOGLE_ANALYTICS_79,GOOGLE
201,EMAIL_GOOGLE_ANALYTICS_82,GOOGLE
202,EMAIL_GOOGLE_ANALYTICS_90,GOOGLE
203,EMAIL_INTERNET_MARKETING_1,INTERNET
204,EMAIL_INTERNET_MARKETING_108,INTERNET
205,EMAIL_INTERNET_MARKETING_113,INTERNET
206,EMAIL_INTERNET_MARKETING_152,INTERNET
207,EMAIL_INTERNET_MARKETING_160,INTERNET
208,EMAIL_INTERNET_MARKETING_165,INTERNET
209,EMAIL_INTERNET_MARKETING_169,INTERNET
210,EMAIL_INTERNET_MARKETING_170,INTERNET
211,EMAIL_INTERNET_MARKETING_34,INTERNET
212,EMAIL_INTERNET_MARKETING_61,INTERNET
213,EMAIL_INTERNET_MARKETING_79,INTERNET
214,EMAIL_INTERNET_MARKETING_87,INTERNET
215,EMAIL_INTERNET_MARKETING_89,INTERNET
216,EMAIL_MARKETING_STRATEGY_137,MARKETING
217,EMAIL_MARKETING_STRATEGY_139,MARKETING
218,EMAIL_MARKETING_STRATEGY_177,MARKETING
219,EMAIL_MARKETING_STRATEGY_193,MARKETING
220,EMAIL_MARKETING_STRATEGY_88,MARKETING
221,EMAIL_PODCASTING_1,PODCASTING
222,EMAIL_PODCASTING_10,PODCASTING
223,EMAIL_PODCASTING_100,PODCASTING
224,EMAIL_PODCASTING_101,PODCASTING
225,EMAIL_PODCASTING_102,PODCASTING
226,EMAIL_PODCASTING_103,PODCASTING
227,EMAIL_PODCASTING_104,PODCASTING
228,EMAIL_PODCASTING_105,PODCASTING
229,EMAIL_PODCASTING_106,PODCASTING
230,EMAIL_PODCASTING_107,PODCASTING
231,EMAIL_PODCASTING_108,PODCASTING
232,EMAIL_PODCASTING_109,PODCASTING
233,EMAIL_PODCASTING_11,PODCASTING
234,EMAIL_PODCASTING_110,PODCASTING
235,EMAIL_PODCASTING_111,PODCASTING
236,EMAIL_PODCASTING_112,PODCASTING
237,EMAIL_PODCASTING_113,PODCASTING
238,EMAIL_PODCASTING_114,PODCASTING
239,EMAIL_PODCASTING_115,PODCASTING
240,EMAIL_PODCASTING_116,PODCASTING
241,EMAIL_PODCASTING_117,PODCASTING
242,EMAIL_PODCASTING_118,PODCASTING
243,EMAIL_PODCASTING_119,PODCASTING
244,EMAIL_PODCASTING_12,PODCASTING
245,EMAIL_PODCASTING_120,PODCASTING
246,EMAIL_PODCASTING_121,PODCASTING
247,EMAIL_PODCASTING_122,PODCASTING
248,EMAIL_PODCASTING_123,PODCASTING
249,EMAIL_PODCASTING_124,PODCASTING
250,EMAIL_PODCASTING_125,PODCASTING
251,EMAIL_PODCASTING_126,PODCASTING
252,EMAIL_PODCASTING_129,PODCASTING
253,EMAIL_PODCASTING_13,PODCASTING
254,EMAIL_PODCASTING_130,PODCASTING
255,EMAIL_PODCASTING_131,PODCASTING
256,EMAIL_PODCASTING_132,PODCASTING
257,EMAIL_PODCASTING_133,PODCASTING
258,EMAIL_PODCASTING_134,PODCASTING
259,EMAIL_PODCASTING_135,PODCASTING
260,EMAIL_PODCASTING_136,PODCASTING
261,EMAIL_PODCASTING_137,PODCASTING
262,EMAIL_PODCASTING_139,PODCASTING
263,EMAIL_PODCASTING_14,PODCASTING
264,EMAIL_PODCASTING_140,PODCASTING
265,EMAIL_PODCASTING_141,PODCASTING
266,EMAIL_PODCASTING_142,PODCASTING
267,EMAIL_PODCASTING_143,PODCASTING
268,EMAIL_PODCASTING_144,PODCASTING
269,EMAIL_PODCASTING_145,PODCASTING
270,EMAIL_PODCASTING_146,PODCASTING
271,EMAIL_PODCASTING_147,PODCASTING
272,EMAIL_PODCASTING_148,PODCASTING
273,EMAIL_PODCASTING_149,PODCASTING
274,EMAIL_PODCASTING_15,PODCASTING
275,EMAIL_PODCASTING_150,PODCASTING
276,EMAIL_PODCASTING_151,PODCASTING
277,EMAIL_PODCASTING_153,PODCASTING
278,EMAIL_PODCASTING_154,PODCASTING
279,EMAIL_PODCASTING_155,PODCASTING
280,EMAIL_PODCASTING_156,PODCASTING
281,EMAIL_PODCASTING_157,PODCASTING
282,EMAIL_PODCASTING_158,PODCASTING
283,EMAIL_PODCASTING_159,PODCASTING
284,EMAIL_PODCASTING_16,PODCASTING
285,EMAIL_PODCASTING_160,PODCASTING
286,EMAIL_PODCASTING_161,PODCASTING
287,EMAIL_PODCASTING_164,PODCASTING
288,EMAIL_PODCASTING_165,PODCASTING
289,EMAIL_PODCASTING_166,PODCASTING
290,EMAIL_PODCASTING_167,PODCASTING
291,EMAIL_PODCASTING_168,PODCASTING
292,EMAIL_PODCASTING_169,PODCASTING
293,EMAIL_PODCASTING_17,PODCASTING
294,EMAIL_PODCASTING_170,PODCASTING
295,EMAIL_PODCASTING_172,PODCASTING
296,EMAIL_PODCASTING_173,PODCASTING
297,EMAIL_PODCASTING_174,PODCASTING
298,EMAIL_PODCASTING_175,PODCASTING
299,EMAIL_PODCASTING_176,PODCASTING
300,EMAIL_PODCASTING_177,PODCASTING
301,EMAIL_PODCASTING_178,PODCASTING
302,EMAIL_PODCASTING_18,PODCASTING
303,EMAIL_PODCASTING_180,PODCASTING
304,EMAIL_PODCASTING_182,PODCASTING
305,EMAIL_PODCASTING_183,PODCASTING
306,EMAIL_PODCASTING_184,PODCASTING
307,EMAIL_PODCASTING_185,PODCASTING
308,EMAIL_PODCASTING_186,PODCASTING
309,EMAIL_PODCASTING_187,PODCASTING
310,EMAIL_PODCASTING_189,PODCASTING
311,EMAIL_PODCASTING_19,PODCASTING
312,EMAIL_PODCASTING_190,PODCASTING
313,EMAIL_PODCASTING_191,PODCASTING
314,EMAIL_PODCASTING_193,PODCASTING
315,EMAIL_PODCASTING_194,PODCASTING
316,EMAIL_PODCASTING_195,PODCASTING
317,EMAIL_PODCASTING_197,PODCASTING
318,EMAIL_PODCASTING_198,PODCASTING
319,EMAIL_PODCASTING_199,PODCASTING
320,EMAIL_PODCASTING_2,PODCASTING
321,EMAIL_PODCASTING_20,PODCASTING
322,EMAIL_PODCASTING_200,PODCASTING
323,EMAIL_PODCASTING_21,PODCASTING
324,EMAIL_PODCASTING_22,PODCASTING
325,EMAIL_PODCASTING_23,PODCASTING
326,EMAIL_PODCASTING_24,PODCASTING
327,EMAIL_PODCASTING_25,PODCASTING
328,EMAIL_PODCASTING_26,PODCASTING
329,EMAIL_PODCASTING_27,PODCASTING
330,EMAIL_PODCASTING_28,PODCASTING
331,EMAIL_PODCASTING_29,PODCASTING
332,EMAIL_PODCASTING_3,PODCASTING
333,EMAIL_PODCASTING_30,PODCASTING
334,EMAIL_PODCASTING_31,PODCASTING
335,EMAIL_PODCASTING_32,PODCASTING
336,EMAIL_PODCASTING_33,PODCASTING
337,EMAIL_PODCASTING_34,PODCASTING
338,EMAIL_PODCASTING_35,PODCASTING
339,EMAIL_PODCASTING_36,PODCASTING
340,EMAIL_PODCASTING_37,PODCASTING
341,EMAIL_PODCASTING_38,PODCASTING
342,EMAIL_PODCASTING_39,PODCASTING
343,EMAIL_PODCASTING_4,PODCASTING
344,EMAIL_PODCASTING_41,PODCASTING
345,EMAIL_PODCASTING_42,PODCASTING
346,EMAIL_PODCASTING_43,PODCASTING
347,EMAIL_PODCASTING_44,PODCASTING
348,EMAIL_PODCASTING_45,PODCASTING
349,EMAIL_PODCASTING_46,PODCASTING
350,EMAIL_PODCASTING_47,PODCASTING
351,EMAIL_PODCASTING_48,PODCASTING
352,EMAIL_PODCASTING_49,PODCASTING
353,EMAIL_PODCASTING_5,PODCASTING
354,EMAIL_PODCASTING_50,PODCASTING
355,EMAIL_PODCASTING_51,PODCASTING
356,EMAIL_PODCASTING_52,PODCASTING
357,EMAIL_PODCASTING_53,PODCASTING
358,EMAIL_PODCASTING_54,PODCASTING
359,EMAIL_PODCASTING_55,PODCASTING
360,EMAIL_PODCASTING_56,PODCASTING
361,EMAIL_PODCASTING_57,PODCASTING
362,EMAIL_PODCASTING_58,PODCASTING
363,EMAIL_PODCASTING_59,PODCASTING
364,EMAIL_PODCASTING_6,PODCASTING
365,EMAIL_PODCASTING_60,PODCASTING
366,EMAIL_PODCASTING_61,PODCASTING
367,EMAIL_PODCASTING_62,PODCASTING
368,EMAIL_PODCASTING_63,PODCASTING
369,EMAIL_PODCASTING_64,PODCASTING
370,EMAIL_PODCASTING_65,PODCASTING
371,EMAIL_PODCASTING_66,PODCASTING
372,EMAIL_PODCASTING_67,PODCASTING
373,EMAIL_PODCASTING_68,PODCASTING
374,EMAIL_PODCASTING_69,PODCASTING
375,EMAIL_PODCASTING_7,PODCASTING
376,EMAIL_PODCASTING_70,PODCASTING
377,EMAIL_PODCASTING_71,PODCASTING
378,EMAIL_PODCASTING_72,PODCASTING
379,EMAIL_PODCASTING_73,PODCASTING
380,EMAIL_PODCASTING_74,PODCASTING
381,EMAIL_PODCASTING_75,PODCASTING
382,EMAIL_PODCASTING_76,PODCASTING
383,EMAIL_PODCASTING_77,PODCASTING
384,EMAIL_PODCASTING_78,PODCASTING
385,EMAIL_PODCASTING_79,PODCASTING
386,EMAIL_PODCASTING_8,PODCASTING
387,EMAIL_PODCASTING_80,PODCASTING
388,EMAIL_PODCASTING_81,PODCASTING
389,EMAIL_PODCASTING_82,PODCASTING
390,EMAIL_PODCASTING_83,PODCASTING
391,EMAIL_PODCASTING_84,PODCASTING
392,EMAIL_PODCASTING_86,PODCASTING
393,EMAIL_PODCASTING_87,PODCASTING
394,EMAIL_PODCASTING_88,PODCASTING
395,EMAIL_PODCASTING_89,PODCASTING
396,EMAIL_PODCASTING_90,PODCASTING
397,EMAIL_PODCASTING_91,PODCASTING
398,EMAIL_PODCASTING_92,PODCASTING
399,EMAIL_PODCASTING_93,PODCASTING
400,EMAIL_PODCASTING_94,PODCASTING
401,EMAIL_PODCASTING_95,PODCASTING
402,EMAIL_PODCASTING_96,PODCASTING
403,EMAIL_PODCASTING_97,PODCASTING
404,EMAIL_PODCASTING_98,PODCASTING
405,EMAIL_PODCASTING_99,PODCASTING
406,EMAIL_SOCIAL_MEDIA_MARKETING_168,SOCIAL
407,EMAIL_SOCIAL_MEDIA_MARKETING_193,SOCIAL
408,EMAIL_SOCIAL_MEDIA_MARKETING_199,SOCIAL
409,EMAIL_SOCIAL_MEDIA_MARKETING_9,SOCIAL
410,EMAIL_YOUTUBE_MARKETING_1,YOUTUBE
411,EMAIL_YOUTUBE_MARKETING_10,YOUTUBE
412,EMAIL_YOUTUBE_MARKETING_102,YOUTUBE
413,EMAIL_YOUTUBE_MARKETING_104,YOUTUBE
414,EMAIL_YOUTUBE_MARKETING_105,YOUTUBE
415,EMAIL_YOUTUBE_MARKETING_106,YOUTUBE
416,EMAIL_YOUTUBE_MARKETING_107,YOUTUBE
417,EMAIL_YOUTUBE_MARKETING_108,YOUTUBE
418,EMAIL_YOUTUBE_MARKETING_109,YOUTUBE
419,EMAIL_YOUTUBE_MARKETING_11,YOUTUBE
420,EMAIL_YOUTUBE_MARKETING_110,YOUTUBE
421,EMAIL_YOUTUBE_MARKETING_113,YOUTUBE
422,EMAIL_YOUTUBE_MARKETING_114,YOUTUBE
423,EMAIL_YOUTUBE_MARKETING_115,YOUTUBE
424,EMAIL_YOUTUBE_MARKETING_116,YOUTUBE
425,EMAIL_YOUTUBE_MARKETING_118,YOUTUBE
426,EMAIL_YOUTUBE_MARKETING_12,YOUTUBE
427,EMAIL_YOUTUBE_MARKETING_122,YOUTUBE
428,EMAIL_YOUTUBE_MARKETING_123,YOUTUBE
429,EMAIL_YOUTUBE_MARKETING_124,YOUTUBE
430,EMAIL_YOUTUBE_MARKETING_125,YOUTUBE
431,EMAIL_YOUTUBE_MARKETING_126,YOUTUBE
432,EMAIL_YOUTUBE_MARKETING_127,YOUTUBE
433,EMAIL_YOUTUBE_MARKETING_13,YOUTUBE
434,EMAIL_YOUTUBE_MARKETING_132,YOUTUBE
435,EMAIL_YOUTUBE_MARKETING_133,YOUTUBE
436,EMAIL_YOUTUBE_MARKETING_135,YOUTUBE
437,EMAIL_YOUTUBE_MARKETING_138,YOUTUBE
438,EMAIL_YOUTUBE_MARKETING_141,YOUTUBE
439,EMAIL_YOUTUBE_MARKETING_142,YOUTUBE
440,EMAIL_YOUTUBE_MARKETING_143,YOUTUBE
441,EMAIL_YOUTUBE_MARKETING_145,YOUTUBE
442,EMAIL_YOUTUBE_MARKETING_146,YOUTUBE
443,EMAIL_YOUTUBE_MARKETING_147,YOUTUBE
444,EMAIL_YOUTUBE_MARKETING_148,YOUTUBE
445,EMAIL_YOUTUBE_MARKETING_149,YOUTUBE
446,EMAIL_YOUTUBE_MARKETING_15,YOUTUBE
447,EMAIL_YOUTUBE_MARKETING_151,YOUTUBE
448,EMAIL_YOUTUBE_MARKETING_152,YOUTUBE
449,EMAIL_YOUTUBE_MARKETING_153,YOUTUBE
450,EMAIL_YOUTUBE_MARKETING_154,YOUTUBE
451,EMAIL_YOUTUBE_MARKETING_155,YOUTUBE
452,EMAIL_YOUTUBE_MARKETING_157,YOUTUBE
453,EMAIL_YOUTUBE_MARKETING_158,YOUTUBE
454,EMAIL_YOUTUBE_MARKETING_159,YOUTUBE
455,EMAIL_YOUTUBE_MARKETING_160,YOUTUBE
456,EMAIL_YOUTUBE_MARKETING_161,YOUTUBE
457,EMAIL_YOUTUBE_MARKETING_162,YOUTUBE
458,EMAIL_YOUTUBE_MARKETING_164,YOUTUBE
459,EMAIL_YOUTUBE_MARKETING_165,YOUTUBE
460,EMAIL_YOUTUBE_MARKETING_166,YOUTUBE
461,EMAIL_YOUTUBE_MARKETING_171,YOUTUBE
462,EMAIL_YOUTUBE_MARKETING_172,YOUTUBE
463,EMAIL_YOUTUBE_MARKETING_174,YOUTUBE
464,EMAIL_YOUTUBE_MARKETING_175,YOUTUBE
465,EMAIL_YOUTUBE_MARKETING_176,YOUTUBE
466,EMAIL_YOUTUBE_MARKETING_177,YOUTUBE
467,EMAIL_YOUTUBE_MARKETING_178,YOUTUBE
468,EMAIL_YOUTUBE_MARKETING_18,YOUTUBE
469,EMAIL_YOUTUBE_MARKETING_180,YOUTUBE
470,EMAIL_YOUTUBE_MARKETING_181,YOUTUBE
471,EMAIL_YOUTUBE_MARKETING_182,YOUTUBE
472,EMAIL_YOUTUBE_MARKETING_183,YOUTUBE
473,EMAIL_YOUTUBE_MARKETING_184,YOUTUBE
474,EMAIL_YOUTUBE_MARKETING_185,YOUTUBE
475,EMAIL_YOUTUBE_MARKETING_187,YOUTUBE
476,EMAIL_YOUTUBE_MARKETING_192,YOUTUBE
477,EMAIL_YOUTUBE_MARKETING_193,YOUTUBE
478,EMAIL_YOUTUBE_MARKETING_194,YOUTUBE
479,EMAIL_YOUTUBE_MARKETING_196,YOUTUBE
480,EMAIL_YOUTUBE_MARKETING_197,YOUTUBE
481,EMAIL_YOUTUBE_MARKETING_198,YOUTUBE
482,EMAIL_YOUTUBE_MARKETING_199,YOUTUBE
483,EMAIL_YOUTUBE_MARKETING_200,YOUTUBE
484,EMAIL_YOUTUBE_MARKETING_22,YOUTUBE
485,EMAIL_YOUTUBE_MARKETING_23,YOUTUBE
486,EMAIL_YOUTUBE_MARKETING_24,YOUTUBE
487,EMAIL_YOUTUBE_MARKETING_25,YOUTUBE
488,EMAIL_YOUTUBE_MARKETING_26,YOUTUBE
489,EMAIL_YOUTUBE_MARKETING_27,YOUTUBE
490,EMAIL_YOUTUBE_MARKETING_28,YOUTUBE
491,EMAIL_YOUTUBE_MARKETING_29,YOUTUBE
492,EMAIL_YOUTUBE_MARKETING_30,YOUTUBE
493,EMAIL_YOUTUBE_MARKETING_31,YOUTUBE
494,EMAIL_YOUTUBE_MARKETING_33,YOUTUBE
495,EMAIL_YOUTUBE_MARKETING_34,YOUTUBE
496,EMAIL_YOUTUBE_MARKETING_35,YOUTUBE
497,EMAIL_YOUTUBE_MARKETING_36,YOUTUBE
498,EMAIL_YOUTUBE_MARKETING_38,YOUTUBE
499,EMAIL_YOUTUBE_MARKETING_39,YOUTUBE
500,EMAIL_YOUTUBE_MARKETING_4,YOUTUBE
501,EMAIL_YOUTUBE_MARKETING_41,YOUTUBE
502,EMAIL_YOUTUBE_MARKETING_42,YOUTUBE
503,EMAIL_YOUTUBE_MARKETING_43,YOUTUBE
504,EMAIL_YOUTUBE_MARKETING_44,YOUTUBE
505,EMAIL_YOUTUBE_MARKETING_45,YOUTUBE
506,EMAIL_YOUTUBE_MARKETING_46,YOUTUBE
507,EMAIL_YOUTUBE_MARKETING_47,YOUTUBE
508,EMAIL_YOUTUBE_MARKETING_48,YOUTUBE
509,EMAIL_YOUTUBE_MARKETING_50,YOUTUBE
510,EMAIL_YOUTUBE_MARKETING_52,YOUTUBE
511,EMAIL_YOUTUBE_MARKETING_53,YOUTUBE
512,EMAIL_YOUTUBE_MARKETING_54,YOUTUBE
513,EMAIL_YOUTUBE_MARKETING_55,YOUTUBE
514,EMAIL_YOUTUBE_MARKETING_56,YOUTUBE
515,EMAIL_YOUTUBE_MARKETING_58,YOUTUBE
516,EMAIL_YOUTUBE_MARKETING_59,YOUTUBE
517,EMAIL_YOUTUBE_MARKETING_6,YOUTUBE
518,EMAIL_YOUTUBE_MARKETING_60,YOUTUBE
519,EMAIL_YOUTUBE_MARKETING_61,YOUTUBE
520,EMAIL_YOUTUBE_MARKETING_62,YOUTUBE
521,EMAIL_YOUTUBE_MARKETING_63,YOUTUBE
522,EMAIL_YOUTUBE_MARKETING_64,YOUTUBE
523,EMAIL_YOUTUBE_MARKETING_65,YOUTUBE
524,EMAIL_YOUTUBE_MARKETING_66,YOUTUBE
525,EMAIL_YOUTUBE_MARKETING_67,YOUTUBE
526,EMAIL_YOUTUBE_MARKETING_68,YOUTUBE
527,EMAIL_YOUTUBE_MARKETING_69,YOUTUBE
528,EMAIL_YOUTUBE_MARKETING_7,YOUTUBE
529,EMAIL_YOUTUBE_MARKETING_72,YOUTUBE
530,EMAIL_YOUTUBE_MARKETING_73,YOUTUBE
531,EMAIL_YOUTUBE_MARKETING_76,YOUTUBE
532,EMAIL_YOUTUBE_MARKETING_78,YOUTUBE
533,EMAIL_YOUTUBE_MARKETING_8,YOUTUBE
534,EMAIL_YOUTUBE_MARKETING_80,YOUTUBE
535,EMAIL_YOUTUBE_MARKETING_82,YOUTUBE
536,EMAIL_YOUTUBE_MARKETING_84,YOUTUBE
537,EMAIL_YOUTUBE_MARKETING_86,YOUTUBE
538,EMAIL_YOUTUBE_MARKETING_87,YOUTUBE
539,EMAIL_YOUTUBE_MARKETING_88,YOUTUBE
540,EMAIL_YOUTUBE_MARKETING_89,YOUTUBE
541,EMAIL_YOUTUBE_MARKETING_9,YOUTUBE
542,EMAIL_YOUTUBE_MARKETING_90,YOUTUBE
543,EMAIL_YOUTUBE_MARKETING_92,YOUTUBE
544,EMAIL_YOUTUBE_MARKETING_93,YOUTUBE
545,EMAIL_YOUTUBE_MARKETING_95,YOUTUBE
546,EMAIL_YOUTUBE_MARKETING_97,YOUTUBE
547,EMAIL_YOUTUBE_MARKETING_98,YOUTUBE
548,EMAIL_YOUTUBE_MARKETING_99,YOUTUBE
